,F1,precision,recall
0,0.9496753246753247,0.9115699259836385,0.9911054637865311
