,Goodness,Mean_frequency,Entropy,Amplitude,Amplitude_modulation,Frequency_modulation,Pitch
mean,0.13759209541790526,2891.814561207885,-1.803505303347924,56.846694936460075,2.0657364081032553e-05,0.4543020759405395,3511.723555047391
std,0.09133043678649934,747.5911785024055,0.6960867226785465,11.29661996042591,0.39903642665554584,0.35440852712206483,2397.8078495330587
min,0.05975822892086455,1417.312546471667,-5.164129759737994,44.05477002250154,-4.353592632457866,0.0015526707193040368,538.5855196522897
25%,0.0962663266332098,2385.826963375953,-2.058597786937363,47.80478936361701,-0.01143737563962473,0.15698639589707036,1133.2687037456471
50%,0.11200035689114965,2833.490716010599,-1.5905093214960573,49.84040362807244,-0.0003139628762693293,0.3888456222172444,4277.993715010655
75%,0.1351315757515105,3322.1317527187393,-1.3393224414571767,66.32305102136783,0.008567027837436661,0.6956803495193473,5967.726910482392
max,0.7999633159190445,5229.989961724305,-0.7923971724127892,90.5624860385042,4.662347265048637,1.5657178551167203,7297.810764869366
